Frame Number,Emotion Angle,External Stimuli,Exception,Tail Wagging Frequency,Ear Angle,Movement Speed,Body Tension,Emotion State_공포,Emotion State_기대,Emotion State_기쁨,Emotion State_놀람,Emotion State_분노,Emotion State_슬픔,Emotion State_신뢰,Emotion State_혐오
1,30,주인의 관심,없음,1.0,0.42857142857142855,0.5294117647058824,0.0,0.0,0.0,1.0,0.0,0.0,0.0,0.0,0.0
2,150,혼자 남겨짐,없음,0.2,1.0,0.11764705882352941,0.375,0.0,0.0,0.0,0.0,0.0,1.0,0.0,0.0
3,230,다른 개 접근,공격적 반응,0.0,0.14285714285714285,1.0,0.75,0.0,0.0,0.0,0.0,1.0,0.0,0.0,0.0
4,60,음식 제공,없음,0.8,0.2857142857142857,0.7058823529411764,0.125,0.0,1.0,0.0,0.0,0.0,0.0,0.0,0.0
5,270,위협적인 소리,"움츠림, 꼬리 처짐",0.0,0.0,0.0,1.0,1.0,0.0,0.0,0.0,0.0,0.0,0.0,0.0
6,300,주인의 쓰다듬기,없음,0.6000000000000001,0.14285714285714285,0.4117647058823529,0.25,0.0,0.0,0.0,0.0,0.0,0.0,1.0,0.0
7,320,갑작스러운 소음,"긴장, 귀 세워짐",0.4,0.5714285714285714,0.8823529411764706,0.5,0.0,0.0,0.0,1.0,0.0,0.0,0.0,0.0
8,180,낯선 환경,없음,0.2,0.7142857142857142,0.05882352941176472,0.625,0.0,0.0,0.0,0.0,0.0,0.0,0.0,1.0
